{"type":"FeatureCollection","features":[{"type":"Feature","id":0,"geometry":{"type":"Point","coordinates":["-82.56749","40.766056"]},"properties":{"streetAddr":"935 South Home Road","city":"Mansfield","state":"OH","zipcode":"44906","website":"www.altagreenhouse.com","bizName":"Alta Florist & Greenhouse"}},{"type":"Feature","id":1,"geometry":{"type":"Point","coordinates":["-122.49518","47.26302"]},"properties":{"streetAddr":"5401-401 6th Avenue","city":"Tacoma","state":"WA","zipcode":"98406","website":"www.artcocrafts.com","bizName":"Artco Crafts"}},{"type":"Feature","id":2,"geometry":{"type":"Point","coordinates":["-83.13398","42.460986"]},"properties":{"streetAddr":"503 E. Nine Mile Road","city":"Ferndale","state":"MI","zipcode":"48220","website":"www.blumz.com","bizName":"Blumz by JR Designs"}},{"type":"Feature","id":3,"geometry":{"type":"Point","coordinates":["-88.12444","42.573081"]},"properties":{"streetAddr":"7530 288th Avenue","city":"Salem","state":"WI","zipcode":"53168","website":"www.breezyhillnursery.com","bizName":"Breezy Hill Nursery"}},{"type":"Feature","id":4,"geometry":{"type":"Point","coordinates":["-86.57316","34.72879"]},"properties":{"streetAddr":"3101 Burritt Drive","city":"Huntsville","state":"AL","zipcode":"35801","website":"www.burrittonthemountain.com","bizName":"Burritt on the Mountain"}},{"type":"Feature","id":5,"geometry":{"type":"Point","coordinates":["-80.46645","35.679639"]},"properties":{"streetAddr":"200 South Main Street","city":"Salisbury","state":"NC","zipcode":"28144","website":"www.shopcaniche.com","bizName":"Caniche"}},{"type":"Feature","id":6,"geometry":{"type":"Point","coordinates":["-121.30891","44.020483"]},"properties":{"streetAddr":"61430 Brosterhous Rd.","city":"Bend","state":"OR","zipcode":"97702","website":"www.celebratetheseasonbend.com","bizName":"Celebrate the Season"}},{"type":"Feature","id":7,"geometry":{"type":"Point","coordinates":["-75.67686","36.022242"]},"properties":{"streetAddr":"2200 North Croatan Hwy Unit D","city":"Kill Devil Hills","state":"NC","zipcode":"27948","website":"www.chipswinemarket.com","bizName":"Chips Wine Market"}},{"type":"Feature","id":8,"geometry":{"type":"Point","coordinates":["-76.69142","39.130224"]},"properties":{"streetAddr":"1425 Cowsill Drive","city":"Severin","state":"MD","zipcode":"21144","website":"","bizName":"Christian Gifts & More"}},{"type":"Feature","id":9,"geometry":{"type":"Point","coordinates":["-82.90232","42.462036"]},"properties":{"streetAddr":"23024 Greater Mack","city":"St. Clair Shores","state":"MI","zipcode":"48080","website":"www.circaregifts.com","bizName":"Circare"}},{"type":"Feature","id":10,"geometry":{"type":"Point","coordinates":["-94.20649","45.526066"]},"properties":{"streetAddr":"8318 State Hwy 23W","city":"St. Cloud","state":"MN","zipcode":"56301","website":"www.corkandcask.com","bizName":"Cork & Cask"}},{"type":"Feature","id":11,"geometry":{"type":"Point","coordinates":["-103.71908","48.20496"]},"properties":{"streetAddr":"1111 2nd Avenue W","city":"Wiliston","state":"ND","zipcode":"58801","website":"www.countryfloralgreenhouse.com","bizName":"Country Floral"}},{"type":"Feature","id":12,"geometry":{"type":"Point","coordinates":["-89.03347","42.280019"]},"properties":{"streetAddr":"#1 Crimson Ridge Drive","city":"Rockford","state":"IL","zipcode":"61107","website":"www.crimsonflowers.net","bizName":"Crimson Ridge"}},{"type":"Feature","id":13,"geometry":{"type":"Point","coordinates":["-76.12653","43.037166"]},"properties":{"streetAddr":"736 Irving Avenue","city":"Syracuse","state":"NY","zipcode":"13210","website":"www.crouse.org","bizName":"Crouse Hospital Gift Shop"}},{"type":"Feature","id":14,"geometry":{"type":"Point","coordinates":["-86.82506","34.167893"]},"properties":{"streetAddr":"111a 1st St. NE","city":"Cullman","state":"AL","zipcode":"35055","website":"www.cullmanflorist.com","bizName":"Cullman Florist"}},{"type":"Feature","id":15,"geometry":{"type":"Point","coordinates":["-91.58262","42.042648"]},"properties":{"streetAddr":"1682 Dubuque Road","city":"Marion","state":"IA","zipcode":"52302","website":"www.culverlandscape.com","bizName":"Culvers"}},{"type":"Feature","id":16,"geometry":{"type":"Point","coordinates":["-80.15554","40.561091"]},"properties":{"streetAddr":"524 Locust Place","city":"Sewickley","state":"PA","zipcode":"15143","website":"www.shopcuttings.com","bizName":"Cuttings"}},{"type":"Feature","id":17,"geometry":{"type":"Point","coordinates":["-97.53029","33.701692"]},"properties":{"streetAddr":"108 S. Main Street","city":"Saint Jo","state":"TX","zipcode":"76265","website":"www.sjmainstreetgallery.com","bizName":"Davis & Blevins"}},{"type":"Feature","id":18,"geometry":{"type":"Point","coordinates":["-75.59332","39.983108"]},"properties":{"streetAddr":"1531 Telegraph Rd","city":"West Chester","state":"PA","zipcode":"19380","website":"www.distinctivegarden.com","bizName":"Distinctive Gardens"}},{"type":"Feature","id":19,"geometry":{"type":"Point","coordinates":["-93.47988","45.039312"]},"properties":{"streetAddr":"1688 Highway 55","city":"Plymouth","state":"MN","zipcode":"55446","website":"www.dundeenursery.com","bizName":"Dundee"}},{"type":"Feature","id":20,"geometry":{"type":"Point","coordinates":["-105.0981","39.795006"]},"properties":{"streetAddr":"5150 Garrison St.","city":"Arvada","state":"CO","zipcode":"80002","website":"www.echters.com","bizName":"Echter's Nursery"}},{"type":"Feature","id":21,"geometry":{"type":"Point","coordinates":["-86.49743","39.131576"]},"properties":{"streetAddr":"3333 South Walnut St.","city":"Bloomington","state":"IN","zipcode":"47401","website":"www.etcforthehome.com","bizName":"ETC for the home"}},{"type":"Feature","id":22,"geometry":{"type":"Point","coordinates":["-88.34177","41.684896"]},"properties":{"streetAddr":"26 Main Street","city":"Oswego","state":"IL","zipcode":"60543","website":"www.floralexpressionsandgifts.com","bizName":"Floral Expressions & Gifts"}},{"type":"Feature","id":23,"geometry":{"type":"Point","coordinates":["-82.7961","39.956384"]},"properties":{"streetAddr":"6311 East Main Street","city":"Reynoldsburg","state":"OH","zipcode":"43068","website":"www.floweramacolumbus.com","bizName":"Flowerama"}},{"type":"Feature","id":24,"geometry":{"type":"Point","coordinates":["-83.74123","43.340413"]},"properties":{"streetAddr":"320 S. Franklin","city":"Frankenmuth","state":"MI","zipcode":"48734","website":"www.frankenmuthfloristandgifts.com","bizName":"Frankenmuth Florist"}},{"type":"Feature","id":25,"geometry":{"type":"Point","coordinates":["-78.68944","42.516248"]},"properties":{"streetAddr":"27 East Main Street","city":"Springville","state":"NY","zipcode":"14141","website":"www.freshfloralandgifts.com","bizName":"Fresh Floral"}},{"type":"Feature","id":26,"geometry":{"type":"Point","coordinates":["-86.61984","41.820452"]},"properties":{"streetAddr":"26 North Elm Street","city":"Three Oaks","state":"MI","zipcode":"49128","website":"www.shopfroehlichs.com","bizName":"Froehlich's"}},{"type":"Feature","id":27,"geometry":{"type":"Point","coordinates":["-93.12261","44.964115"]},"properties":{"streetAddr":"1225 Estabrook Drive","city":"St. Paul","state":"MN","zipcode":"55103","website":"www.comofriends.org","bizName":"Garden Safari & Gifts"}},{"type":"Feature","id":28,"geometry":{"type":"Point","coordinates":["-73.22126","44.484038"]},"properties":{"streetAddr":"128 Intervale Road","city":"Burlington","state":"VA","zipcode":"05401","website":"www.gardeners.com","bizName":"Gardener's Supply Company"}},{"type":"Feature","id":29,"geometry":{"type":"Point","coordinates":["-86.78927","36.152607"]},"properties":{"streetAddr":"705B Fort Negley Ct.","city":"Nashville","state":"TN","zipcode":"37203","website":"www.gardensofbabylon.com","bizName":"Gardens of Babylon"}},{"type":"Feature","id":30,"geometry":{"type":"Point","coordinates":["-93.01146","45.081266"]},"properties":{"streetAddr":"2184 4th Street","city":"White Bear Lake","state":"MN","zipcode":"55110","website":"www.facebook.com/GoodthingsMN/about","bizName":"Goodthings Inc"}},{"type":"Feature","id":31,"geometry":{"type":"Point","coordinates":["-80.82665","35.214693"]},"properties":{"streetAddr":"1111 Central Avenue # 200","city":"Charlotte","state":"NC","zipcode":"28204","website":"www.envycharlotte.com","bizName":"Green with Envy"}},{"type":"Feature","id":32,"geometry":{"type":"Point","coordinates":["-87.16796","45.158078"]},"properties":{"streetAddr":"10432 Water Street","city":"Ephraim","state":"WI","zipcode":"54211","website":"www.islandlavender.com","bizName":"Island Lavender"}},{"type":"Feature","id":33,"geometry":{"type":"Point","coordinates":["-88.77565","30.403286"]},"properties":{"streetAddr":"7325 Bienville Blvd Hwy 90 East","city":"Ocean Springs","state":"MS","zipcode":"39564","website":"www.facebook.com/ItsAllArrangedOS","bizName":"It's All Arranged"}},{"type":"Feature","id":34,"geometry":{"type":"Point","coordinates":["-77.002296","40.249543"]},"properties":{"streetAddr":"5217 Simpson Ferry Road","city":"Mechanicsburg","state":"PA","zipcode":"17050","website":"www.jeffreysflowers.org","bizName":"Jeffrey's Flowers"}},{"type":"Feature","id":35,"geometry":{"type":"Point","coordinates":["-77.23548","39.11755"]},"properties":{"streetAddr":"364 Main Street","city":"Gaithersburg","state":"MD","zipcode":"20878","website":"www.kentlandsflowersandbows.com","bizName":"Kentlands Flowers & Bows"}},{"type":"Feature","id":36,"geometry":{"type":"Point","coordinates":["-97.87284","30.17207"]},"properties":{"streetAddr":"dbarrow@wildflower.org","city":"","state":"","zipcode":"78739","website":"www.wildflower.org","bizName":"Lady Bird Johnson Wildflower Center"}},{"type":"Feature","id":37,"geometry":{"type":"Point","coordinates":["-71.09268","42.34308"]},"properties":{"streetAddr":"Avenue of the Arts","city":"Boston","state":"MA","zipcode":"02115","website":"www.mfa.org","bizName":"Museum of Fine Arts Boston"}},{"type":"Feature","id":38,"geometry":{"type":"Point","coordinates":["-86.40276","43.791699"]},"properties":{"streetAddr":"134 South Hancock Stre","city":"Pentwater","state":"MI","zipcode":"49449","website":"www.oldewick-post.com","bizName":"Oldewick Post"}},{"type":"Feature","id":39,"geometry":{"type":"Point","coordinates":["-82.18313","35.336523"]},"properties":{"streetAddr":"104 Glenn Court","city":"Mill Spring","state":"NC","zipcode":"28756","website":"www.facebook.com/organicskincareandnailspa","bizName":"Organic Skin & Nail Spa"}},{"type":"Feature","id":40,"geometry":{"type":"Point","coordinates":["-81.84575","41.475297"]},"properties":{"streetAddr":"19880 Detroit Road","city":"Rocky River","state":"OH","zipcode":"44116","website":"www.paladargroup.com","bizName":"Bomba Tacos"}},{"type":"Feature","id":41,"geometry":{"type":"Point","coordinates":["-84.9865","34.766095"]},"properties":{"streetAddr":"259 N. Hamilton St.","city":"Dalton","state":"GA","zipcode":"30720","website":"www.paperprincessonline.com","bizName":"Paper Princess"}},{"type":"Feature","id":42,"geometry":{"type":"Point","coordinates":["-75.58881","39.788562"]},"properties":{"streetAddr":"Route 100 & Rockland Road","city":"Montchanin","state":"DE","zipcode":"19710","website":"www.petalsflowersgifts.com","bizName":"Petals, Flowers & Fine Gifts"}},{"type":"Feature","id":43,"geometry":{"type":"Point","coordinates":["-89.59799","40.755343"]},"properties":{"streetAddr":"1219 W. Glen Ave.","city":"Peoria","state":"IL","zipcode":"61614","website":"www.facebook.com/Relics-211026470718","bizName":"Relics"}},{"type":"Feature","id":44,"geometry":{"type":"Point","coordinates":["-90.89093","38.590155"]},"properties":{"streetAddr":"1867 Femme Osage Creek Road","city":"Augusta","state":"MO","zipcode":"63332","website":"www.robinsnestonthekatytrail.com","bizName":"Robins Nest on the Katy Trail"}},{"type":"Feature","id":45,"geometry":{"type":"Point","coordinates":["-98.4568","29.48618"]},"properties":{"streetAddr":"555 Funston Place","city":"San Antonio","state":"TX","zipcode":"78209","website":"www.sabot.org","bizName":"San Antonio Botanical Garden"}},{"type":"Feature","id":46,"geometry":{"type":"Point","coordinates":["-90.26182","38.622601"]},"properties":{"streetAddr":"One Fine Arts Drive Forest Park","city":"St. Louis","state":"MO","zipcode":"63110","website":"www.slam.org","bizName":"St. Louis Art Museum"}},{"type":"Feature","id":47,"geometry":{"type":"Point","coordinates":["-104.7485","39.595115"]},"properties":{"streetAddr":"7711 S. Parker Road","city":"Centennial","state":"CO","zipcode":"80016","website":"www.tagawagardens.com","bizName":"Tagawa Gardens"}},{"type":"Feature","id":48,"geometry":{"type":"Point","coordinates":["-82.58207","40.678208"]},"properties":{"streetAddr":"1285 W. Hanley Road","city":"Mansfield","state":"OH","zipcode":"44904","website":"www.theblueberrypatch.org","bizName":"The Blueberry Patch"}},{"type":"Feature","id":49,"geometry":{"type":"Point","coordinates":["-93.73671","32.484232"]},"properties":{"streetAddr":"2429 Line Ave","city":"Shreveport","state":"LA","zipcode":"71104","website":"www.enchantedfloristspringhill.com","bizName":"The Enchanted Garden"}},{"type":"Feature","id":50,"geometry":{"type":"Point","coordinates":["-85.47282","32.577135"]},"properties":{"streetAddr":"2290 Moores Mills Road","city":"Auburn","state":"AL","zipcode":"36830","website":"www.stanleysistrunk.com","bizName":"The Flower Store"}},{"type":"Feature","id":51,"geometry":{"type":"Point","coordinates":["-122.02065","47.572401"]},"properties":{"streetAddr":"751 N.E. Blakely Drive","city":"Issaquah","state":"WA","zipcode":"98029","website":"www.swedish.org/locations/issaquah-campus/the-shops-at-swedish","bizName":"The Shops at Swedish"}},{"type":"Feature","id":52,"geometry":{"type":"Point","coordinates":["-88.10326","44.564261"]},"properties":{"streetAddr":"345 Cardinal Lane #5","city":"Green Bay","state":"WI","zipcode":"54313","website":"www.thornberrycottage.com","bizName":"Thornberry Cottage"}},{"type":"Feature","id":53,"geometry":{"type":"Point","coordinates":["-92.34242","34.771291"]},"properties":{"streetAddr":"Tipton Hurst","city":"Little Rock","state":"AK","zipcode":"72207","website":"www.tiptonhurst.com","bizName":"Tipton & Hurst"}},{"type":"Feature","id":54,"geometry":{"type":"Point","coordinates":["",""]},"properties":{"streetAddr":"250 Augusta Avenue","city":"Toronto","state":"ON","zipcode":"M5T 2L7","website":"www.blue-banana-market.myshopify.com","bizName":"Blue Banana Market"}},{"type":"Feature","id":55,"geometry":{"type":"Point","coordinates":["-80.75144","32.159476"]},"properties":{"streetAddr":"316A The Shops at Sea Pines Ctr.","city":"Hilton Head Island","state":"SC","zipcode":"29928","website":"","bizName":"C'est Bon"}},{"type":"Feature","id":56,"geometry":{"type":"Point","coordinates":["-78.8915","42.916057"]},"properties":{"streetAddr":"428 Rhode Island Street","city":"Buffalo","state":"NY","zipcode":"14213","website":"www.urbanroots.org","bizName":"Urban Roots"}},{"type":"Feature","id":57,"geometry":{"type":"Point","coordinates":["-84.29407","33.771705"]},"properties":{"streetAddr":"Attn: Ski Peterson","city":"Decatur","state":"GA","zipcode":"30030","website":"www.wahoowine.com","bizName":"Wahoo Wines & Provisions"}},{"type":"Feature","id":58,"geometry":{"type":"Point","coordinates":["-81.25047","33.991362"]},"properties":{"streetAddr":"1403 North Lake Drive","city":"Lexington","state":"SC","zipcode":"29072","website":"www.wingardsmarket.com","bizName":"Wingard's Market"}},{"type":"Feature","id":59,"geometry":{"type":"Point","coordinates":["-117.25967","32.961812"]},"properties":{"streetAddr":"1247 Camino Del Mar","city":"Del Mar","state":"CA","zipcode":"92014","website":"www.zelsdelmar.com","bizName":"Zel's Del Mar"}},{"type":"Feature","id":60,"geometry":{"type":"Point","coordinates":["-122.2668","37.879625"]},"properties":{"streetAddr":"2112 Vine Street","city":"Berkeley","state":"CA","zipcode":"94709","website":"www.aprioridesigns.com","bizName":"A Priori Designs"}},{"type":"Feature","id":61,"geometry":{"type":"Point","coordinates":["-76.70024","37.256301"]},"properties":{"streetAddr":"110 Bacon Avenue","city":"Williamsburg","state":"VA","zipcode":"23185","website":"www.colonialfolkart.com","bizName":"CFA Colonial Folk Art Studio & Gallery"}},{"type":"Feature","id":62,"geometry":{"type":"Point","coordinates":["-77.742116","39.693944"]},"properties":{"streetAddr":"401 Museum Drive","city":"Hagerstown","state":"MD","zipcode":"21741","website":"www.wcmfa.org","bizName":"Washington Museum of Fine Arts"}},{"type":"Feature","id":63,"geometry":{"type":"Point","coordinates":["-77.22904","39.827337"]},"properties":{"streetAddr":"53 Chambersburg Street","city":"Gettysburg","state":"PA","zipcode":"17325","website":"www.aavillagetreasures.com","bizName":"A & A Village Treasures"}},{"type":"Feature","id":64,"geometry":{"type":"Point","coordinates":["-78.39897","40.328843"]},"properties":{"streetAddr":"819 East Main Street","city":"Roaring Spring","state":"PA","zipcode":"16673","website":"www.charlottestrove.com","bizName":"Charlotte's Trove"}},{"type":"Feature","id":65,"geometry":{"type":"Point","coordinates":["-84.99568","39.43115"]},"properties":{"streetAddr":"813 Main�Street","city":"St. Brookville","state":"IN","zipcode":"47012","website":"www.giftshoppeonmain.com","bizName":"The Gift Shopped on Main"}},{"type":"Feature","id":66,"geometry":{"type":"Point","coordinates":["-96.26843","29.983095"]},"properties":{"streetAddr":"8 North Holland Street, on the Square","city":"Bellville","state":"TX","zipcode":"77418","website":"www.cocoandduckie.com","bizName":"Coco & Duckie"}},{"type":"Feature","id":67,"geometry":{"type":"Point","coordinates":["-94.79316","29.298448"]},"properties":{"streetAddr":"2014 45th Street","city":"Galveston","state":"TX","zipcode":"77550","website":"www.tomsthumbnursery.com","bizName":"Tom's Thumb Nursery"}},{"type":"Feature","id":68,"geometry":{"type":"Point","coordinates":["-75.68586","39.784014"]},"properties":{"streetAddr":"7277 Lancaster Pk.","city":"Hockessin","state":"DE","zipcode":"19707","website":"www.gatewaygardens.com","bizName":"Gateway Garden Center"}},{"type":"Feature","id":69,"geometry":{"type":"Point","coordinates":["-88.01085","43.85255"]},"properties":{"streetAddr":"141 E Rhine Street","city":"Elkart Lake","state":"WI","zipcode":"53020","website":"www.enchantedfloralsofelkhartlake.com","bizName":"Enchanted Florals of Elkhart Lake"}},{"type":"Feature","id":70,"geometry":{"type":"Point","coordinates":["-87.89058","42.047178"]},"properties":{"streetAddr":"170 S River Road","city":"Des Plaines","state":"IL","zipcode":"60016","website":"www.pesches.com","bizName":"Pesche's Flower Shop"}},{"type":"Feature","id":71,"geometry":{"type":"Point","coordinates":["-87.89058","42.047178"]},"properties":{"streetAddr":"2550 Dempster Street","city":"Des Plaines","state":"IL","zipcode":"60016","website":"www.lurveys.com","bizName":"Lurvey's Garden Center"}},{"type":"Feature","id":72,"geometry":{"type":"Point","coordinates":["-90.21539","41.861633"]},"properties":{"streetAddr":"243 5th Avenue S","city":"Clinton","state":"IA","zipcode":"52732","website":"www.peacefulrivercreations.com","bizName":"Peaceful River Creations"}},{"type":"Feature","id":73,"geometry":{"type":"Point","coordinates":["-88.68292","41.527585"]},"properties":{"streetAddr":"2930 N 4351st Road","city":"Sheridan","state":"IL","zipcode":"60551","website":"www.redbudcreekfarm.com","bizName":"Redbud Creek Farm"}},{"type":"Feature","id":74,"geometry":{"type":"Point","coordinates":["-96.37639","30.678097"]},"properties":{"streetAddr":"202 S Bryan Avenue","city":"Bryan","state":"TX","zipcode":"77803","website":"www.oldbryan.com","bizName":"Old Bryan Marketplace"}},{"type":"Feature","id":75,"geometry":{"type":"Point","coordinates":["-121.84259","39.745973"]},"properties":{"streetAddr":"50 Vallombrosa Ave #100","city":"Chico","state":"CA","zipcode":"95926","website":"www.christianandjohnson.com","bizName":"Christian & Johnson"}},{"type":"Feature","id":76,"geometry":{"type":"Point","coordinates":["-88.39445","44.276986"]},"properties":{"streetAddr":"3402 N Richmond Street","city":"Appleton","state":"WI ","zipcode":"54911","website":"www.thegatheredearth.com","bizName":"The Gathered Earth"}},{"type":"Feature","id":77,"geometry":{"type":"Point","coordinates":["-97.21818","32.855666"]},"properties":{"streetAddr":"6904 Boulevard 26","city":"Richland Hills","state":"TX","zipcode":"76180","website":"www.darlasflorist.com","bizName":"Darla's Florist"}},{"type":"Feature","id":78,"geometry":{"type":"Point","coordinates":["-105.52445","43.939968"]},"properties":{"streetAddr":"306 W Lakeway Road","city":"Gillette","state":"WY","zipcode":"82718","website":"www.springcreekdesigns.net","bizName":"Spring Creek Designs"}},{"type":"Feature","id":79,"geometry":{"type":"Point","coordinates":["-97.27841","37.745561"]},"properties":{"streetAddr":"5910 E 37th Street N","city":"Wichita","state":"KS","zipcode":"67220","website":"www.treetop-nursery.com","bizName":"Tree Top Nursery"}},{"type":"Feature","id":80,"geometry":{"type":"Point","coordinates":["-75.46905","43.794492"]},"properties":{"streetAddr":"7502 E State Street","city":"Lowville","state":"NY","zipcode":"13367","website":"www.sunnycrestflowers.com","bizName":"Sunnycrest Flowers"}},{"type":"Feature","id":81,"geometry":{"type":"Point","coordinates":["-74.14263","40.879699"]},"properties":{"streetAddr":"519 Piaget","city":"Clifton ","state":"NJ","zipcode":"07011","website":"www.wc.ameronixdev.com/about-us","bizName":"Wine Country"}},{"type":"Feature","id":82,"geometry":{"type":"Point","coordinates":["-79.1105","40.02847"]},"properties":{"streetAddr":"309 Georgian Place","city":"Somerset","state":"PA","zipcode":"15501","website":"www.sugargroveherbs.blogspot.com/","bizName":"Sugar Grove Herbs"}},{"type":"Feature","id":83,"geometry":{"type":"Point","coordinates":["-77.8145","38.707135"]},"properties":{"streetAddr":"North Rock Shopping Center, 524 Fletcher Drive","city":"Warrenton","state":"VA","zipcode":"20186","website":"www.warrentonjewelers.com","bizName":"Warrenton Jewelers & Gifts"}},{"type":"Feature","id":84,"geometry":{"type":"Point","coordinates":["-75.71227","39.858137"]},"properties":{"streetAddr":"1001 Longwood Road","city":"Kennett Square","state":"PA","zipcode":"19348","website":"www.longwoodgardens.org","bizName":"Longwood Botanical Gardens"}},{"type":"Feature","id":85,"geometry":{"type":"Point","coordinates":["-112.0008","33.466393"]},"properties":{"streetAddr":"1201 N. Galvin Prkwy Ste. 1501","city":"Phoenix","state":"AZ","zipcode":"85008","website":"www.dbg.org","bizName":"Desert Botanical Garden"}},{"type":"Feature","id":86,"geometry":{"type":"Point","coordinates":["-77.01732","38.907711"]},"properties":{"streetAddr":"555 Pennsylvania Ave NW","city":"Washington","state":"DC","zipcode":"20001","website":"shop.newseum.org","bizName":"Newseum Store"}},{"type":"Feature","id":87,"geometry":{"type":"Point","coordinates":["-73.95509","40.662892"]},"properties":{"streetAddr":"990 Washington Ave","city":"Brookyn","state":"NY","zipcode":"11225","website":"www.bbg.org","bizName":"Brooklyn Botanic Garden"}},{"type":"Feature","id":88,"geometry":{"type":"Point","coordinates":["-77.08723","38.94081"]},"properties":{"streetAddr":"3101 Wisconsin Ave NW","city":"Washington","state":"DC","zipcode":"20016","website":"shop.cathedral.org","bizName":"Washington National Cathedral"}},{"type":"Feature","id":89,"geometry":{"type":"Point","coordinates":["-87.76252","42.130976"]},"properties":{"streetAddr":"1000 Lake Cook Road","city":"Glencoe","state":"IL","zipcode":"60022","website":"www.chicagobotanic.org","bizName":"Chicago Botanic Garden"}},{"type":"Feature","id":90,"geometry":{"type":"Point","coordinates":["-117.73948","33.659639"]},"properties":{"streetAddr":"36 Umbria","city":"Irvine ","state":"CA","zipcode":"92618","website":"www.brugrill.com","bizName":"Bru Market & Grill"}},{"type":"Feature","id":91,"geometry":{"type":"Point","coordinates":["-81.60883","41.507751"]},"properties":{"streetAddr":"11030 East Blvd.","city":"Cleveland","state":"OH","zipcode":"44106","website":"www.cbgarden.org","bizName":"Cleveland Botanical Garden"}},{"type":"Feature","id":92,"geometry":{"type":"Point","coordinates":["-81.70125","41.484688"]},"properties":{"streetAddr":"700 W Saint Clair Ave","city":"Cleveland","state":"OH","zipcode":"44113","website":"www.bluepointegrill.com","bizName":"Blue Point Grille"}},{"type":"Feature","id":93,"geometry":{"type":"Point","coordinates":["-81.60883","41.507751"]},"properties":{"streetAddr":"11401 Bellflower Road","city":"Cleveland  ","state":"OH","zipcode":"44106","website":"www.albatrosbrasserie.com","bizName":"L'Albatros Brasserie"}},{"type":"Feature","id":94,"geometry":{"type":"Point","coordinates":["-81.70125","41.484688"]},"properties":{"streetAddr":"1515 W 3rd Street","city":"Cleveland","state":"OH","zipcode":"44113","website":"http://www.ritzcarlton.com/en/hotels/cleveland/dining/muse-bar","bizName":"The Ritz-Carlton, MUSE"}},{"type":"Feature","id":95,"geometry":{"type":"Point","coordinates":["-81.39232","41.43932"]},"properties":{"streetAddr":"87 West Street","city":"Cleveland","state":"OH","zipcode":"44022","website":"www.gamekeepers.com","bizName":"Gamekeeper's Tavern"}},{"type":"Feature","id":96,"geometry":{"type":"Point","coordinates":["-81.67125","41.493501"]},"properties":{"streetAddr":"1305 Euclid Avenue","city":"Cleveland","state":"OH","zipcode":"44115","website":"www.cowellhubbard.com","bizName":"Cowell & Hubbard"}},{"type":"Feature","id":97,"geometry":{"type":"Point","coordinates":["-81.67125","41.493501"]},"properties":{"streetAddr":"1350 Euclid Avenue","city":"Cleveland","state":"OH","zipcode":"44115","website":"www.districtcleveland.com","bizName":"District"}},{"type":"Feature","id":98,"geometry":{"type":"Point","coordinates":["-81.65816","41.391753"]},"properties":{"streetAddr":"6001 Quarry Ln","city":"Independence","state":"OH","zipcode":"44131","website":"","bizName":"Delmonico's"}},{"type":"Feature","id":99,"geometry":{"type":"Point","coordinates":["-81.39232","41.43932"]},"properties":{"streetAddr":"42 N Main Street","city":"Chagrin Falls","state":"OH","zipcode":"44022","website":"www.umamichagrinfalls.com","bizName":"Umami Asian Kitchen"}},{"type":"Feature","id":100,"geometry":{"type":"Point","coordinates":["-81.39232","41.43932"]},"properties":{"streetAddr":"17 East Orange Street","city":"Chagrin Falls","state":"OH","zipcode":"44022","website":"www.villageherbshop.com","bizName":"Village Herb Shoppe"}},{"type":"Feature","id":101,"geometry":{"type":"Point","coordinates":["-81.39232","41.43932"]},"properties":{"streetAddr":"7 N Franklin Street","city":"Chagrin Falls","state":"OH","zipcode":"44022","website":"www.tcgiftschagrin.com","bizName":"Town and Country Gifts"}},{"type":"Feature","id":102,"geometry":{"type":"Point","coordinates":["-105.19337","39.735745"]},"properties":{"streetAddr":"1224 Arapahoe Street","city":"Golden ","state":"CO","zipcode":"80401","website":"www.earthsweetbotanicals.com","bizName":"Earth Sweet Botanicals"}},{"type":"Feature","id":103,"geometry":{"type":"Point","coordinates":["-104.95243","39.731237"]},"properties":{"streetAddr":"300 Fillmane Street","city":"Denver","state":"CO","zipcode":"80206","website":"www.thetwistedtulip.com","bizName":"The Twisted Tulip"}},{"type":"Feature","id":104,"geometry":{"type":"Point","coordinates":["-94.59666","38.896407"]},"properties":{"streetAddr":"511 East 135th Street","city":"Kansas City","state":"MO","zipcode":"64145","website":"www.heysidelines.com","bizName":"Sidelines"}},{"type":"Feature","id":105,"geometry":{"type":"Point","coordinates":["-122.61069","38.791139"]},"properties":{"streetAddr":"21137 Calistoga Road #171","city":"Middletown","state":"CA","zipcode":"95461","website":"www.organic.garnerbarro.com/2017/02/05/organic-home-lifestyle-store-in-middletown-ca","bizName":"Organic Home Lifestyle"}},{"type":"Feature","id":106,"geometry":{"type":"Point","coordinates":["-81.44365","41.388387"]},"properties":{"streetAddr":"34310 Aurora Road","city":"Solon","state":"OH","zipcode":"44139","website":"www.marketdistrict.com/store-locator/store-details?number=1630","bizName":"Market District"}},{"type":"Feature","id":107,"geometry":{"type":"Point","coordinates":["-94.71498","38.961756"]},"properties":{"streetAddr":"10105 Barton Street","city":"Overlook Park","state":"KS","zipcode":"66214","website":"www.dininginstylekc.com","bizName":"Dining in Style"}},{"type":"Feature","id":108,"geometry":{"type":"Point","coordinates":["-96.29882","30.571905"]},"properties":{"streetAddr":"4081 Highway 6 S Suite 201","city":"College Station","state":"TX","zipcode":"77845","website":"www.aggielandflowers.com","bizName":"Aggieland Flowers & Chocolates"}},{"type":"Feature","id":109,"geometry":{"type":"Point","coordinates":["-85.96044","41.676899"]},"properties":{"streetAddr":"315 Co Road 17","city":"Elkhart","state":"IL","zipcode":"46516","website":"www.lintons.com","bizName":"Linton's Enchanted Gardens"}},{"type":"Feature","id":110,"geometry":{"type":"Point","coordinates":["-105.0981","39.795006"]},"properties":{"streetAddr":"5150 Garrison Street","city":"Arvada ","state":"CO","zipcode":"80002","website":"www.echters.com","bizName":"Echter's Gardens"}},{"type":"Feature","id":111,"geometry":{"type":"Point","coordinates":["-88.12444","42.573081"]},"properties":{"streetAddr":"7530 288th Avenue","city":"Salem","state":"WI","zipcode":"53168","website":"www.breezyhillnursery.com","bizName":"Breezy Hill Nursery"}},{"type":"Feature","id":112,"geometry":{"type":"Point","coordinates":["-72.54784","43.966821"]},"properties":{"streetAddr":"128 Intervale Road","city":"Burlington","state":"VT","zipcode":"05041","website":"www.gardeners.com","bizName":"Gardener's Supply Co."}},{"type":"Feature","id":113,"geometry":{"type":"Point","coordinates":["-88.20924","43.015289"]},"properties":{"streetAddr":"319 S Prairie Avenue","city":"Waukesha","state":"WI","zipcode":"53186","website":"www.waukeshafloral.com","bizName":"Waukesha Floral"}},{"type":"Feature","id":114,"geometry":{"type":"Point","coordinates":["-83.74123","43.340413"]},"properties":{"streetAddr":"320 S Franklin Street","city":"Frankenmuth","state":"MI","zipcode":"48734","website":"www.frankenmuthfloristandgifts.com","bizName":"Frankenmuth Florist"}},{"type":"Feature","id":115,"geometry":{"type":"Point","coordinates":["-72.12058","43.614847"]},"properties":{"streetAddr":"468 US ROUTE 4","city":"Enfield","state":"NH","zipcode":"03748","website":"www.safflowers.net","bizName":"Safflowers"}},{"type":"Feature","id":116,"geometry":{"type":"Point","coordinates":["-93.62004","41.585939"]},"properties":{"streetAddr":"909 Robert D. Ray Drive","city":"Des Moines","state":"IA","zipcode":"50309","website":"www.dmbotanicalgarden.com","bizName":"Des Moines Botanical Garden"}},{"type":"Feature","id":117,"geometry":{"type":"Point","coordinates":["-96.64599","40.785557"]},"properties":{"streetAddr":"2342 So. 40th Street","city":"Lincoln ","state":"NE","zipcode":"68506","website":"www.campbellsnursery.com","bizName":"Campbell's Nursery"}},{"type":"Feature","id":118,"geometry":{"type":"Point","coordinates":["-118.19225","33.769018"]},"properties":{"streetAddr":"1126 Queens Highway","city":"Long Beach","state":"CA","zipcode":"90802","website":"www.queenmary.com","bizName":"Queen Mary Hotel"}},{"type":"Feature","id":119,"geometry":{"type":"Point","coordinates":["-120.45458","38.146124"]},"properties":{"streetAddr":"78 Scott Street","city":"Murphys","state":"CA","zipcode":"95247","website":"www.gocalaveras.com/independent-mercantile","bizName":"Independent Mercantile"}},{"type":"Feature","id":120,"geometry":{"type":"Point","coordinates":["-86.18724","42.668174"]},"properties":{"streetAddr":"360 Water Street","city":"Saugatuck","state":"MI","zipcode":"49453","website":"www.saugatuckteacompany.com","bizName":"Saugatuck Tea Company"}},{"type":"Feature","id":121,"geometry":{"type":"Point","coordinates":["-88.39445","44.276986"]},"properties":{"streetAddr":"3402 N. Richmond Street","city":"Appleton","state":"WI","zipcode":"54911","website":"www.thegatheredearth.com","bizName":"The Gathered Earth"}},{"type":"Feature","id":122,"geometry":{"type":"Point","coordinates":["-81.92865","41.454439"]},"properties":{"streetAddr":"30651 Detroit Road","city":"Westlake","state":"OH","zipcode":"44145","website":"www.thecabinclub.com","bizName":"Cabin Club"}},{"type":"Feature","id":123,"geometry":{"type":"Point","coordinates":["-81.55434","41.499202"]},"properties":{"streetAddr":"1940 Lee Road","city":"Cleveland Heights","state":"OH","zipcode":"44118","website":"www.zmp1936.com","bizName":"Zagara's Marketplace"}},{"type":"Feature","id":124,"geometry":{"type":"Point","coordinates":["",""]},"properties":{"streetAddr":"","city":"","state":"","zipcode":"","website":"","bizName":""}},{"type":"Feature","id":125,"geometry":{"type":"Point","coordinates":["",""]},"properties":{"streetAddr":"","city":"","state":"","zipcode":"","website":"","bizName":""}},{"type":"Feature","id":126,"geometry":{"type":"Point","coordinates":["",""]},"properties":{"streetAddr":"","city":"","state":"","zipcode":"","website":"","bizName":""}},{"type":"Feature","id":127,"geometry":{"type":"Point","coordinates":["",""]},"properties":{"streetAddr":"","city":"","state":"","zipcode":"","website":"","bizName":""}},{"type":"Feature","id":128,"geometry":{"type":"Point","coordinates":["",""]},"properties":{"streetAddr":"","city":"","state":"","zipcode":"","website":"","bizName":""}},{"type":"Feature","id":129,"geometry":{"type":"Point","coordinates":["",""]},"properties":{"streetAddr":"","city":"","state":"","zipcode":"","bizName":""}}]}